0057f6b1c195cbc525d8e8dde2679581b9627cfeabfdd5db1cc00935eb099f3f	instrumentation/spring/spring-webmvc/spring-webmvc-3.1/wildfly-testing/build/classes/java/test/io/opentelemetry/javaagent/instrumentation/spring/webmvc/v3_1/LibsInEarOpenTelemetryHandlerMappingFilterTest.class
00e7a3fa490ac12914c5ca1102a0f64c2f59a5b8521eacac9a517c37ab3c7e42	instrumentation/spring/spring-boot-autoconfigure/build/classes/java/test/io/opentelemetry/instrumentation/spring/autoconfigure/internal/properties/SpringConfigPropertiesTest.class
02ec9216d8d207b8d8b58643103b4b9d3a0e3868a5096ae88aa31bd503c08171	instrumentation/spring/spring-integration-4.1/library/build/classes/java/test/io/opentelemetry/javaagent/instrumentation/spring/integration/v4_1/SpringIntegrationTelemetryTest.class
03539adaeea5ca7475185a0e676469be97cb9239556376cfd4a8832884b4c1ca	instrumentation/spring/spring-batch-3.0/javaagent/build/classes/java/test/io/opentelemetry/javaagent/instrumentation/spring/batch/v3_0/jsr/TestItemProcessor.class
039d8b93eae774c7088f8d29446cdc01b836aee36610d472fc528993d577b8ec	instrumentation/spring/spring-data/spring-data-3.0/testing/build/classes/java/test/spring/jpa/JpaCustomerRepositoryImpl.class
04f8a3d2622ba97ed1a4705ae1ab978ebf97c2a0e94d87e6597a6e73e031473a	instrumentation/spring/spring-batch-3.0/javaagent/build/classes/java/test/io/opentelemetry/javaagent/instrumentation/spring/batch/v3_0/chunk/JsrConfigChunkRootSpanTest.class
06d5cf8e50f4660835b3fbec9e42f3c3d82b4f3bb4698aa3345fb41c73a5cc1e	instrumentation/spring/spring-security-config-6.0/library/build/classes/java/test/io/opentelemetry/instrumentation/spring/security/config/v6_0/servlet/EnduserAttributesCapturingServletFilterTest.class
0872810b861ac6f60395ebe5c18deb2cf47e9cc2198199f7d0983f3b0c7d5bbd	instrumentation/spring/spring-boot-actuator-autoconfigure-2.0/javaagent/build/classes/java/test/io/opentelemetry/javaagent/instrumentation/spring/boot/actuator/autoconfigure/v2_0/ActuatorTest.class
08f2abbc2f222ee8a92c25b5443c2b039943ef6ead3701116ca99109f6e84dec	instrumentation/spring/spring-boot-resources/javaagent/build/classes/java/test/io/opentelemetry/javaagent/instrumentation/spring/boot/resources/SpringBootServiceNameDetectorTest.class
096e17fb3b790d71a5d3559fb2b7eab0a073ccc929b65de2821436e621433515	instrumentation/spring/spring-data/spring-data-1.8/javaagent/build/classes/java/test/spring/jpa/JpaPersistenceConfig.class
09832b6efc6411de1efd40f86975a4ac20d08114bbfa0228f87500fbbd0d3ef3	instrumentation/spring/spring-batch-3.0/javaagent/build/classes/java/test/io/opentelemetry/javaagent/instrumentation/spring/batch/v3_0/jsr/CustomEventStepListener.class
0be242be86e168eae298cc04fd01877cba70d69dc2ce4484aab96215652605fe	instrumentation/spring/spring-batch-3.0/javaagent/build/classes/java/test/io/opentelemetry/javaagent/instrumentation/spring/batch/v3_0/jsr/CustomEventItemProcessListener.class
0d9ed3d3bed5f5cc08f2c46eef8b8c61c9f203f6e9f78ae6493e81f40f37cc1f	instrumentation/spring/spring-data/spring-data-3.0/testing/build/classes/java/test/spring/jpa/JpaCustomer.class
0e0834ae931915cdccd6c210859c1ed4c5f45b3b893ec91f53bff4c22c660246	instrumentation/spring/spring-jms/spring-jms-6.0/javaagent/build/classes/java/test/io/opentelemetry/javaagent/instrumentation/spring/jms/v6_0/ManualListenerConfig.class
0e600bd0d77e30d305dcf3a206c5e144a5c1eefc1243e182d457166caaa62f2f	instrumentation/spring/spring-integration-4.1/javaagent/build/classes/java/test/io/opentelemetry/javaagent/instrumentation/spring/integration/v4_1/SpringCloudStreamRabbitTest.class
12050097ff47c076dba377fe1684a8025f926a475e1a26e434bec8c91c91aa0f	instrumentation/spring/spring-rmi-4.0/javaagent/build/classes/java/test/springrmi/app/SpringRmiGreeterImpl.class
12a3f303cdec7a3ff409d9444992d1f2be9f316709d5da9a26187610cc44896a	instrumentation/spring/spring-integration-4.1/javaagent/build/classes/java/test/io/opentelemetry/javaagent/instrumentation/spring/integration/v4_1/SpringIntegrationAndRabbitTest.class
12fd355f4881d6ec34813fb53c90960170a5faf142ebf7e3d137dbc0fbe2080f	instrumentation/spring/spring-webmvc/spring-webmvc-6.0/javaagent/build/classes/java/test/io/opentelemetry/javaagent/instrumentation/spring/webmvc/v6_0/boot/SecurityConfig.class
155a2fa616487f5de81b4004ed40c505cc616d168a896ab9f2e1f16c4defc851	instrumentation/spring/spring-kafka-2.7/javaagent/build/classes/java/test/io/opentelemetry/javaagent/instrumentation/spring/kafka/v2_7/SpringKafkaTest.class
1799fcbd9f7ac45867bd0be9e6728f93e760c25ed5cbd746383f87597ca3033c	instrumentation/spring/spring-webflux/spring-webflux-5.0/javaagent/build/classes/java/test/io/opentelemetry/javaagent/instrumentation/spring/webflux/v5_0/server/base/DelayedControllerSpringWebFluxServerTest$Application.class
1874c5e77578fc9df5742d59eede3ec0b379ff237a13e2ae9ded931a7a22ca61	instrumentation/spring/spring-batch-3.0/javaagent/build/classes/java/test/io/opentelemetry/javaagent/instrumentation/spring/batch/v3_0/springbatch/TestItemReader.class
18d034c7631bb262b7ff04246c6207564dd706757e0d9c83437712de153eaaa3	instrumentation/spring/spring-batch-3.0/javaagent/build/classes/java/test/io/opentelemetry/javaagent/instrumentation/spring/batch/v3_0/jsr/CustomEventItemWriteListener.class
196833fb6bf23ad68acbb9b5cf4a88f4bda041cb323a3ad206f5482b01b209fd	instrumentation/spring/spring-batch-3.0/javaagent/build/classes/java/test/io/opentelemetry/javaagent/instrumentation/spring/batch/v3_0/jsr/TestItemReader.class
1c458a244019bf7eb31e78559f0e56cba38704be2df03d95402bd221ed758baf	instrumentation/spring/spring-boot-resources/javaagent/build/classes/java/test/io/opentelemetry/javaagent/instrumentation/spring/boot/resources/SpringBootServiceVersionDetectorTest.class
1c7522392ea23149e0095403d45bbb87bd81087b27ed1252268ca22b843718e6	instrumentation/spring/spring-boot-actuator-autoconfigure-2.0/javaagent/build/classes/java/test/io/opentelemetry/javaagent/instrumentation/spring/boot/actuator/autoconfigure/v2_0/SpringApp.class
1c83f0c8e43ede5d6773e91b428ad94b725247e697de77c789cf0b8b5f5ed54e	instrumentation/spring/spring-batch-3.0/javaagent/build/classes/java/test/io/opentelemetry/javaagent/instrumentation/spring/batch/v3_0/item/JavaConfigItemLevelSpanTest.class
1cedda3c4e112c794bc915ff28c75748152fbcf9f711944ac8b79e9d8f2b8ff1	instrumentation/spring/spring-scheduling-3.1/javaagent/build/classes/java/test/io/opentelemetry/javaagent/instrumentation/spring/scheduling/v3_1/spring/component/TaskWithError.class
1d715a958ed629b30b3c5e6caa83c5caff1d8b7a0a6d3e8b4e07cb2ef195911e	instrumentation/spring/spring-webflux/spring-webflux-5.0/testing-webflux7/build/classes/java/test/io/opentelemetry/javaagent/instrumentation/spring/webflux/v7_0/server/base/DelayedHandlerSpringWebFluxServerTest$RouteFactory.class
1da2baa19c7916d90f9e7364476499c179cf108f048706f2f947b3a2f9d0321e	instrumentation/spring/spring-webflux/spring-webflux-5.0/javaagent/build/classes/java/test/io/opentelemetry/javaagent/instrumentation/spring/webflux/v5_0/server/base/DelayedControllerSpringWebFluxServerTest$Controller.class
1f47e9eb247bb34555d3460c3ef6d86b362a1c82e0d5ae4360004fa639abee96	instrumentation/spring/spring-boot-autoconfigure/build/classes/java/test/io/opentelemetry/instrumentation/spring/autoconfigure/internal/instrumentation/annotations/InstrumentationWithSpanAspectTest$1.class
1f8850d6cace1308b612bd61cd8df42f09f721daeb669660a057c8287b05dc2b	instrumentation/spring/spring-web/spring-web-6.0/javaagent/build/classes/java/test/io/opentelemetry/javaagent/instrumentation/spring/web/v6_0/SpringRestTemplateTest.class
205656e1d77a1da4647973b7c3bb502fb7482389efd13649221bea69fe3455c8	instrumentation/spring/spring-kafka-2.7/library/build/classes/java/test/io/opentelemetry/instrumentation/spring/kafka/v2_7/SpringKafkaNoReceiveTelemetryTest$KafkaInstrumentationConfig.class
20a9ae841701bace29e4756dc8a60e8c89f6d0c5e1895f1bd437df53659b26ee	instrumentation/spring/spring-jms/spring-jms-6.0/javaagent/build/classes/java/test/io/opentelemetry/javaagent/instrumentation/spring/jms/v6_0/AnnotatedTestListener.class
20b389b8b465c8031c43eccacb2b0c96399c6ceb509c25a518d94fa2de44f0a6	instrumentation/spring/spring-integration-4.1/library/build/classes/java/test/io/opentelemetry/javaagent/instrumentation/spring/integration/v4_1/GlobalInterceptorWithProducerSpanSpringConfig.class
2201b0bf3a09cca98459b0e2db418cb07c3f244734958fe25e8c1d622306808b	instrumentation/spring/spring-ws-2.0/javaagent/build/classes/java/test/io/opentelemetry/javaagent/instrumentation/spring/ws/v2_0/AppConfig.class
23abb5c12ea29418f64ff911e95c6d08fba6d0bda19f200932c418a47a9b4d02	instrumentation/spring/spring-batch-3.0/javaagent/build/classes/java/test/io/opentelemetry/javaagent/instrumentation/spring/batch/v3_0/springbatch/TestPartitioner.class
2514f3df6f7b8fcce9793591e8c8270c919cdc09335331d5791dd4b3c06286f8	instrumentation/spring/spring-webflux/spring-webflux-5.0/javaagent/build/classes/java/test/io/opentelemetry/javaagent/instrumentation/spring/webflux/v5_0/server/base/ServerTestRouteFactory.class
26eef23c2359160f810b0e392c61dcf3250e73aeb64516a9865df3fa8cdf8194	instrumentation/spring/spring-pulsar-1.0/javaagent/build/classes/java/test/io/opentelemetry/javaagent/instrumentation/spring/pulsar/v1_0/SpringPulsarTest.class
28562befb528cad1b4850b0d8aaf556034865d7f33f44c5c7cda796c69ae4467	instrumentation/spring/spring-batch-3.0/javaagent/build/classes/java/test/io/opentelemetry/javaagent/instrumentation/spring/batch/v3_0/jsr/TestPartitionedItemReader.class
28643bb025debc608885ba7a9ed1ea225f69a1d2c9ed22c041bf468c922ac76f	instrumentation/spring/spring-batch-3.0/javaagent/build/classes/java/test/io/opentelemetry/javaagent/instrumentation/spring/batch/v3_0/jsr/TestDecider.class
293d8537703cb3ab6e73e3b41bbab24761c3c2e49c1ce02a690efc067ab1bf49	instrumentation/spring/spring-batch-3.0/javaagent/build/classes/java/test/io/opentelemetry/javaagent/instrumentation/spring/batch/v3_0/springbatch/TestSyncItemReader.class
2aabb62cc8e1675ac199cb3f6ef760050620092ffc76446abe2c2a12926c590c	instrumentation/spring/spring-boot-autoconfigure/build/classes/java/test/io/opentelemetry/instrumentation/spring/autoconfigure/OpenTelemetryAutoConfigurationTest.class
2acaf1e321cac0e7587e6db07b1c013b010c50c4be79396bdace7e4c84439224	instrumentation/spring/spring-webmvc/spring-webmvc-3.1/wildfly-testing/build/classes/java/test/io/opentelemetry/javaagent/instrumentation/spring/webmvc/v3_1/LibsInWarOpenTelemetryHandlerMappingFilterTest.class
2bb2e6f37a95c5d4db8d20762dc95e3fbb6bf92d43e52314fde43ba248282fb2	instrumentation/spring/spring-webflux/spring-webflux-5.0/javaagent/build/classes/java/test/io/opentelemetry/javaagent/instrumentation/spring/webflux/v5_0/server/SpringWebfluxTest$ForceNettyAutoConfiguration.class
2be49e1146f7a3294f0f062f89c2f4081409f6377690a8aca133b221222c73a7	instrumentation/spring/spring-batch-3.0/javaagent/build/classes/java/test/io/opentelemetry/javaagent/instrumentation/spring/batch/v3_0/basic/JsrConfigBatchJobTest.class
2bfdfdf5c5041be731f4d2d6b279743e70493a4c06a7bcdcd8565ba44aebe0a7	instrumentation/spring/spring-webmvc/spring-webmvc-6.0/javaagent/build/classes/java/test/io/opentelemetry/javaagent/instrumentation/spring/webmvc/v6_0/filter/ServletFilterConfig$1.class
2c4324847661903f82bf5e772c05fc290417a8633ea65574ad7783860306ac90	instrumentation/spring/spring-cloud-gateway/spring-cloud-gateway-webflux-4.3/testing/build/resources/test/application.yml
2e1ebecd7f862290e15b1a36e135d25f2868279c5523c177cd40411375a80cd3	instrumentation/spring/spring-webmvc/spring-webmvc-6.0/javaagent/build/classes/java/test/io/opentelemetry/javaagent/instrumentation/spring/webmvc/v6_0/boot/SpringBootBasedTest.class
2fd775a89afa71948badc45da6b1a4ce2c67cac9936a00e1d8479f6c0e3fa8e2	instrumentation/spring/spring-webmvc/spring-webmvc-6.0/library/build/classes/java/test/io/opentelemetry/instrumentation/spring/webmvc/v6_0/TestWebSpringBootApp.class
3070f5f52792e8c3e722db739da57ab59325a46372e9a9a3947e10add0e7fc5f	instrumentation/spring/spring-integration-4.1/javaagent/build/classes/java/test/io/opentelemetry/javaagent/instrumentation/spring/integration/v4_1/ComplexPropagationTest.class
3125fe76f74ed5c185044f9fa9fdf378d5c65ff9ee4bf255e1663f28d62e1535	instrumentation/spring/spring-cloud-aws-3.0/javaagent/build/classes/java/test/io/opentelemetry/javaagent/instrumentation/spring/cloud/aws/v3_0/AwsSqsTest.class
31af47a6093082ed8c349d83d03ce5364f097c6da4bfd8ed46322de308dbef76	instrumentation/spring/spring-webmvc/spring-webmvc-3.1/wildfly-testing/build/classes/java/test/com/example/hello/TestFilter.class
3265b0b92c8b4caef3e0c4843025bcb1dec24d560ce73ad4be24458f0d629d41	instrumentation/spring/spring-scheduling-3.1/javaagent/build/classes/java/test/io/opentelemetry/javaagent/instrumentation/spring/scheduling/v3_1/spring/service/LambdaTaskConfigurer.class
354e4ba5ce807580b612b66a842f255df64572db45c03042db3c3c56df133424	instrumentation/spring/spring-integration-4.1/library/build/classes/java/test/io/opentelemetry/javaagent/instrumentation/spring/integration/v4_1/ComplexPropagationTest.class
37280dce7dc3e1aaec97e3b579b5de48c78774d460975d0a71b1c702f4bfd116	instrumentation/spring/spring-jms/spring-jms-6.0/javaagent/build/classes/java/test/io/opentelemetry/javaagent/instrumentation/spring/jms/v6_0/ManualListenerConfig$1.class
37559a26bb8018d2adddc5c45616a3c79e7a2e4e376404625f1fe1a2a0eaa092	instrumentation/spring/spring-boot-resources/javaagent/build/resources/test/application-multi.yml
37cd896b7558f683a1dca75366d85df50b6560eb2baac68d7bc78055802d463d	instrumentation/spring/spring-boot-autoconfigure/build/classes/java/test/io/opentelemetry/instrumentation/spring/autoconfigure/internal/instrumentation/annotations/InstrumentationWithSpanAspectTest$WithCompletionStage.class
3840d2c23e0fbf059b39aa53d6619da3678a8663adb9cb0b4a2a5e2c680f9513	instrumentation/spring/spring-batch-3.0/javaagent/build/classes/java/test/io/opentelemetry/javaagent/instrumentation/spring/batch/v3_0/item/ItemLevelSpanTest.class
3905e9148f02c6c95c378ae0443fcd71637373e90b7d53c166ec6761b7397d87	instrumentation/spring/spring-webflux/spring-webflux-5.0/testing-webflux7/build/classes/java/test/io/opentelemetry/javaagent/instrumentation/spring/webflux/v7_0/server/base/DelayedControllerSpringWebFluxServerTest$Application.class
3953f01a0fa04cc24e4bebe61dbea150a1a660abfd99c78516da7a0959071ef4	instrumentation/spring/spring-batch-3.0/javaagent/build/resources/test/META-INF/batch-jobs/itemsAndTaskletJob.xml
398fba2e4e54adb15a6d7acacf98f26ece0d1b680ba3b42ea76562c988993bee	instrumentation/spring/spring-cloud-gateway/spring-cloud-gateway-webflux-4.3/testing/build/classes/java/test/io/opentelemetry/instrumentation/spring/gateway/v4_3/Gateway43RouteMappingTest.class
3a0c6e558d4d68c932e60e8a6a21702f22d3aaf78ceb5690229fa07e28efea20	instrumentation/spring/spring-webflux/spring-webflux-5.3/library/build/classes/java/test/io/opentelemetry/instrumentation/spring/webflux/v5_3/SpringWebfluxServerInstrumentationTest.class
3ac45493d0b52a30451d4367c2b8e69ab2b07f2080ae125ebf1bda6077ae8c68	instrumentation/spring/spring-jms/spring-jms-2.0/javaagent/build/classes/java/test/io/opentelemetry/javaagent/instrumentation/spring/jms/v2_0/SpringTemplateTest.class
3b667ad51214b2e368838bab9c932afac42d40c22d1496168244c6d01a4c5286	instrumentation/spring/spring-batch-3.0/javaagent/build/classes/java/test/io/opentelemetry/javaagent/instrumentation/spring/batch/v3_0/springbatch/TestItemWriter.class
3b76e109d5a439d447a1c12ea7287e15b297a3d52ab020ad1cef710c26480d1e	instrumentation/spring/spring-data/spring-data-3.0/kotlin-testing/build/classes/kotlin/test/io/opentelemetry/javaagent/instrumentation/spring/data/v3_0/repository/CustomerRepository.class
3baf70ca7e5d9049ae4e09d41e67558af74ed81562865e67e62e23c7e380cdfa	instrumentation/spring/spring-batch-3.0/javaagent/build/classes/java/test/io/opentelemetry/javaagent/instrumentation/spring/batch/v3_0/basic/JavaConfigBatchJobTest.class
405bb4c5af30b727794982183a2648d2a0192910d55c4dd3137c7a321737bfae	instrumentation/spring/spring-batch-3.0/javaagent/build/classes/java/test/io/opentelemetry/javaagent/instrumentation/spring/batch/v3_0/jsr/CustomEventJobListener.class
420df9daf64260b0f8cd259d2aa1495dc264985c209a53651e459d899600a0af	instrumentation/spring/spring-integration-4.1/library/build/classes/java/test/io/opentelemetry/javaagent/instrumentation/spring/integration/v4_1/SpringCloudStreamProducerTest.class
457270994883f8c69bf74e1dc68fa188de5323ae9cf2966458b2c857e5d46069	instrumentation/spring/spring-security-config-6.0/library/build/classes/java/test/io/opentelemetry/instrumentation/spring/security/config/v6_0/servlet/EnduserAttributesHttpSecurityCustomizerTest.class
47c92e7e34cc3c14c77266071cdcbef986854898041a2770cc1955a448ea8cc0	instrumentation/spring/spring-batch-3.0/javaagent/build/classes/java/test/io/opentelemetry/javaagent/instrumentation/spring/batch/v3_0/springbatch/CustomEventItemProcessListener.class
47ee0e73a6ad34db5f98bc670be41110b38f7615f75fb5f28eb4f0204ff8785c	instrumentation/spring/spring-boot-autoconfigure/build/classes/java/test/io/opentelemetry/instrumentation/spring/autoconfigure/internal/instrumentation/annotations/InstrumentationWithSpanAspectTest.class
48c2c53277a50ac7395d70ca13d5aba46e5d755d06da36caa56db5df6f4f29a9	instrumentation/spring/spring-webflux/spring-webflux-5.3/library/build/classes/java/test/io/opentelemetry/instrumentation/spring/webflux/v5_3/TestWebfluxSpringBootApp.class
49e175af0a7c40b6dcde7c2799f18bfe31f1bbcc79664404aa35c793ac08f0c9	instrumentation/spring/spring-batch-3.0/javaagent/build/classes/java/test/io/opentelemetry/javaagent/instrumentation/spring/batch/v3_0/springbatch/TestItemProcessor.class
4ac18c69a26763cfdd00fb2d0b67e1bc10bf1fca9c5561d7efc71ea0f4d1265a	instrumentation/spring/spring-batch-3.0/javaagent/build/classes/java/test/io/opentelemetry/javaagent/instrumentation/spring/batch/v3_0/jsr/SingleItemReader.class
4b3289c0eccf51b5dcce67b718370485f0de16518fe6f02e101d7ab92fbf66c8	instrumentation/spring/spring-jms/spring-jms-6.0/javaagent/build/classes/java/test/io/opentelemetry/javaagent/instrumentation/spring/jms/v6_0/AnnotatedListenerConfig.class
4c3cfb1218e7efebcec32aa1498246ad7027b3686330fdca3310ff6d31b6efea	instrumentation/spring/spring-batch-3.0/javaagent/build/classes/java/test/io/opentelemetry/javaagent/instrumentation/spring/batch/v3_0/jsr/CustomEventItemReadListener.class
4d2b59244a3888eb87afa6bd61312c9ab11e93d64c92e66359e3afe87d3eaf31	instrumentation/spring/spring-cloud-gateway/spring-cloud-gateway-webmvc-4.3/javaagent/build/classes/java/test/io/opentelemetry/javaagent/instrumentation/spring/cloud/gateway/webmvc/v4_3/Gateway43MvcTestApplication.class
4f59348707f3eb6aa281abce1f7210fdf94c7b15a1775b6ba7beb86b0908e2ed	instrumentation/spring/spring-boot-autoconfigure/build/classes/java/test/io/opentelemetry/instrumentation/spring/autoconfigure/EmbeddedConfigFileTest.class
4f771eda7392b728c2f83feecf28f0f3868c2b19ac12dd7bcfb8dfcfa93299b8	instrumentation/spring/spring-webflux/spring-webflux-5.0/javaagent/build/classes/java/test/io/opentelemetry/javaagent/instrumentation/spring/webflux/v5_0/server/SpringThreadedSpringWebfluxTest.class
4f8d339866cbe3f7faa0fb3357ffcc06824e00efc05afbf629470e8d326728ae	instrumentation/spring/spring-integration-4.1/library/build/classes/java/test/io/opentelemetry/javaagent/instrumentation/spring/integration/v4_1/GlobalInterceptorSpringConfig.class
4fc072538e2c3474ecaa82ed4f770c47ca30fae4a119a18af410f3d3633e1d01	instrumentation/spring/spring-security-config-6.0/javaagent/build/classes/java/test/io/opentelemetry/javaagent/instrumentation/spring/security/config/v6_0/webflux/ServerHttpSecurityInstrumentationTest.class
4fffda3bfa165a15e4593a410205c8adda65d98e9dc5033df80cdcb1f728ecfd	instrumentation/spring/spring-batch-3.0/javaagent/build/resources/test/META-INF/batch-jobs/splitJob.xml
516b884c7c6dbb5160d74bf59683cfb8791aba47817dbdcedb22f5753e7272b1	instrumentation/spring/spring-batch-3.0/javaagent/build/classes/java/test/io/opentelemetry/javaagent/instrumentation/spring/batch/v3_0/chunk/XmlConfigChunkRootSpanTest.class
53e6c7644769d03dc90ec07bab11f7962082d093b1bd1b2cc947ee75d2b66560	instrumentation/spring/spring-webflux/spring-webflux-5.0/javaagent/build/classes/java/test/io/opentelemetry/javaagent/instrumentation/spring/webflux/v5_0/server/SpringThreadedSpringWebfluxTest$ForceSingleThreadedNettyAutoConfiguration.class
53f3d948228dd798946496e02be81c9970aefbb7dbb4f6a1281287bbc20fbc66	instrumentation/spring/spring-cloud-gateway/spring-cloud-gateway-webmvc-4.3/javaagent/build/classes/java/test/io/opentelemetry/javaagent/instrumentation/spring/cloud/gateway/webmvc/v4_3/Gateway43MvcRouteMappingTest.class
55ccb1f6868c9c51361eea659895e7954fc08a9e1b463ec13e8a7150e1902e0a	instrumentation/spring/spring-data/spring-data-3.0/kotlin-testing/build/classes/kotlin/test/io/opentelemetry/javaagent/instrumentation/spring/data/v3_0/KotlinSpringDataTest.class
568aabc9a71df5864c18e5ec03b041a3ba81dd2a5d40bfcab8deda4e32dc4100	instrumentation/spring/spring-boot-autoconfigure/build/classes/java/test/io/opentelemetry/instrumentation/spring/autoconfigure/internal/instrumentation/logging/LoggingExporterAutoConfigurationTest.class
5785deb0f70d377a983eb195e6569982e09cab2f8b16e0911c15a0285bd6aa6d	instrumentation/spring/spring-data/spring-data-1.8/javaagent/build/classes/java/test/spring/jpa/JpaCustomer.class
594eb4fcc40dbd8989fa288dc73805a291975bc78dafcb13656d9a861cc78088	instrumentation/spring/spring-batch-3.0/javaagent/build/classes/java/test/io/opentelemetry/javaagent/instrumentation/spring/batch/v3_0/springbatch/CustomEventChunkListener.class
5a4a792d81e05495b8aff851d1d81036795c8a6b68bd2897f8aa3c6f6ebcacf7	instrumentation/spring/spring-webflux/spring-webflux-5.0/javaagent/build/classes/java/test/io/opentelemetry/javaagent/instrumentation/spring/webflux/v5_0/server/base/DelayedHandlerSpringWebFluxServerTest.class
5a5309cb4752f3c06b744681f8615f9cd837e6caee90a86a9a766ddb4e744e17	instrumentation/spring/spring-security-config-6.0/library/build/classes/java/test/io/opentelemetry/instrumentation/spring/security/config/v6_0/webflux/EnduserAttributesCapturingWebFilterTest.class
5a55f6e696e7ce0ce427115b18c105d130bfe5562ca20021eba42a9a74d89c80	instrumentation/spring/spring-batch-3.0/javaagent/build/classes/java/test/io/opentelemetry/javaagent/instrumentation/spring/batch/v3_0/chunk/JavaConfigChunkRootSpanTest.class
5a586d3c474b6c2fb52c25eb456d46722301eb426bc2dd6ad625055a2cdf0c39	instrumentation/spring/spring-boot-resources/javaagent/build/resources/test/build-info.properties
5ca4b17cd417011ba5f0854d834abc917dc43794d724f7712f4e519754431b36	instrumentation/spring/spring-jms/spring-jms-2.0/javaagent/build/classes/java/test/io/opentelemetry/javaagent/instrumentation/spring/jms/v2_0/ManualListenerConfig$1.class
5ccdc052fc843c45fea12fc85101dada43b888009ced2dd54ac9d4ed24b86c5c	instrumentation/spring/spring-webmvc/spring-webmvc-3.1/javaagent/build/classes/java/test/io/opentelemetry/javaagent/instrumentation/spring/webmvc/v3_1/filter/ServletFilterConfig$1.class
5cffefc6a7384e28d6dc1f69e50b895307c0f7ae6d27bfe48faa475d2b0c4001	instrumentation/spring/spring-cloud-gateway/spring-cloud-gateway-2.0/javaagent/build/classes/java/test/io/opentelemetry/javaagent/instrumentation/spring/cloud/gateway/v2_0/GatewayRouteMappingTest.class
5d1c6a761a68a5793c21c8643c8dcdc5dd189f18d0d3d680da4f55cbb1f32832	instrumentation/spring/spring-webmvc/spring-webmvc-3.1/wildfly-testing/build/resources/test/applicationContext.xml
5d38b29f11d2bb894827826ba1618f5fba1493fd3758d07eca5e9eb092f4fc1f	instrumentation/spring/spring-jms/spring-jms-6.0/javaagent/build/classes/java/test/io/opentelemetry/javaagent/instrumentation/spring/jms/v6_0/SpringListenerSuppressReceiveSpansTest.class
5dc6e799ddb32dac1174dd355ad09b3d84f8577f9d41545ffe1edde8628a4d2d	instrumentation/spring/spring-boot-autoconfigure/build/classes/java/test/io/opentelemetry/instrumentation/spring/autoconfigure/internal/instrumentation/scheduling/SchedulingInstrumentationAutoConfigurationTest.class
60603e94617ff7365e8a5de8a4efabb15b8c9cbeac9896591757ff2220ab67b1	instrumentation/spring/spring-scheduling-3.1/javaagent/build/classes/java/test/io/opentelemetry/javaagent/instrumentation/spring/scheduling/v3_1/spring/component/TriggerTask.class
60da6aa7215e423fdd5106c18028bf784fbda878a89626692b994014e6875a1f	instrumentation/spring/spring-rmi-4.0/javaagent/build/classes/java/test/springrmi/app/ejb/SpringRmiGreeterEjbRemote.class
6178d599ac087e0f32dd11f55ba8ec14d0259ca54a3fc62fb57c93713b21edb7	instrumentation/spring/spring-boot-autoconfigure/build/classes/java/test/io/opentelemetry/instrumentation/spring/autoconfigure/internal/instrumentation/logging/SpanLoggingCustomizerProviderTest$ModelCustomizerCollector.class
62153a97ebada5c7cd61767a0dd85e46cbd21d33dc0de17a88f1dedf7dd77d62	instrumentation/spring/spring-webflux/spring-webflux-5.0/javaagent/build/classes/java/test/io/opentelemetry/javaagent/instrumentation/spring/webflux/v5_0/client/SpringWebfluxClientInstrumentationTest.class
640fe0c95bc5364710e3103e6beefd6fc625da8a73283d9ca828fb71fe14499f	instrumentation/spring/spring-batch-3.0/javaagent/build/classes/java/test/io/opentelemetry/javaagent/instrumentation/spring/batch/v3_0/basic/XmlConfigBatchJobTest.class
645a8c84dddf2edf197bab5584a545a68dadc6e1f64acc5a770df338ee0adc51	instrumentation/spring/spring-webflux/spring-webflux-5.0/javaagent/build/classes/java/test/io/opentelemetry/javaagent/instrumentation/spring/webflux/v5_0/server/base/ImmediateControllerSpringWebFluxServerTest$Application.class
64684829cf514a02a72295bd9a2e57e0e9226dfe854f8044c11bfb9b63641224	instrumentation/spring/spring-scheduling-3.1/javaagent/build/classes/java/test/io/opentelemetry/javaagent/instrumentation/spring/scheduling/v3_1/spring/component/OneTimeTask.class
648f8c563eb135eeaf3517ff1548e4849bf5b7b713da9e262a7cc72e2ad42767	instrumentation/spring/spring-webmvc/spring-webmvc-6.0/library/build/classes/java/test/io/opentelemetry/instrumentation/spring/webmvc/v6_0/WebMvcHttpServerTest.class
65dd23f7489811acc1d16c14d02d341fbcd55f5ee93086cf75308fb23734037d	instrumentation/spring/spring-webflux/spring-webflux-5.0/testing-webflux7/build/classes/java/test/io/opentelemetry/javaagent/instrumentation/spring/webflux/v7_0/server/SpringThreadedSpringWebfluxTest$ForceSingleThreadedNettyAutoConfiguration.class
699d54ec72e87c75043f3ec1bcbb5a27fc85ac6c89e22ca9935d6ed0ea335ec4	instrumentation/spring/spring-webflux/spring-webflux-5.0/testing-webflux7/build/classes/java/test/io/opentelemetry/javaagent/instrumentation/spring/webflux/v7_0/server/SpringWebfluxTest$ForceNettyAutoConfiguration.class
6a0d63d7938819f536304567798279ef1961a094b551abddeb11203991ae9694	instrumentation/spring/spring-webflux/spring-webflux-5.0/testing-webflux7/build/classes/java/test/io/opentelemetry/javaagent/instrumentation/spring/webflux/v7_0/server/base/DelayedHandlerSpringWebFluxServerTest$Application.class
6a7c6dabfd4277d05badd573ffc85053ccf64573076ee64cbb7b881b05b61b23	instrumentation/spring/spring-webmvc/spring-webmvc-3.1/wildfly-testing/build/resources/test/web.xml
6ce3177726eda56af194c95729059a96f37fb6208f69a0cb6e477b3684f79ade	instrumentation/spring/spring-batch-3.0/javaagent/build/resources/test/META-INF/batch-jobs/customSpanEventsItemsJob.xml
6eca4af12570d2e171d0593952d0da0815739164a36fed413520d85f33847917	instrumentation/spring/spring-batch-3.0/javaagent/build/classes/java/test/io/opentelemetry/javaagent/instrumentation/spring/batch/v3_0/runner/JavaxBatchConfigRunner.class
6f1c105621044c694f38e57b5b3a021dd54e23578ae027b8476e3e26599b9d58	instrumentation/spring/spring-boot-autoconfigure/build/classes/java/test/io/opentelemetry/instrumentation/spring/autoconfigure/OpenTelemetryAutoConfigurationTest$CustomOtelConfiguration.class
6f797a2e24865cfcfb6b77176ba44e672d5d5dd74ec4bfbe1149bc8a41244331	instrumentation/spring/spring-webflux/spring-webflux-5.0/testing-webflux7/build/classes/java/test/io/opentelemetry/javaagent/instrumentation/spring/webflux/v7_0/server/base/ServerTestRouteFactory.class
70c58c461c1b7620dd7de60799e6666c4ef9ec90067b2d1e0f5fff2119958723	instrumentation/spring/spring-webmvc/spring-webmvc-3.1/javaagent/build/classes/java/test/io/opentelemetry/javaagent/instrumentation/spring/webmvc/v3_1/boot/SpringBootBasedTest.class
70d5cc3dd0b8cf2405f9caf6cf0173a616ba71249a97df8b8180f6c7e781f375	instrumentation/spring/spring-batch-3.0/javaagent/build/classes/java/test/io/opentelemetry/javaagent/instrumentation/spring/batch/v3_0/springbatch/CustomEventStepListener.class
716a04618b714cb73b7fac15af1394d7e06be5d546c2bd9f0b8846ad3310e9df	instrumentation/spring/spring-data/spring-data-1.8/javaagent/build/classes/java/test/spring/jpa/JpaCustomerRepositoryCustom.class
71fbfa5960e9df1fd732009d131bac4c2b1fb40d4a1befe8b91ecb011465155a	instrumentation/spring/spring-scheduling-3.1/javaagent/build/classes/java/test/io/opentelemetry/javaagent/instrumentation/spring/scheduling/v3_1/SpringSchedulingTest.class
7275170bd147e14a802eedb17a4a9acbc41412c966e9926b9a0ae5f8dfd7cc41	instrumentation/spring/spring-cloud-gateway/spring-cloud-gateway-2.0/javaagent/build/classes/java/test/io/opentelemetry/javaagent/instrumentation/spring/cloud/gateway/v2_0/GatewayTestApplication.class
72b0ab130afdaf2c87fa8c3b930ed36da7c2163574584b2c5cd11b6b747bc895	instrumentation/spring/spring-security-config-6.0/library/build/classes/java/test/io/opentelemetry/instrumentation/spring/security/config/v6_0/EnduserAttributesCapturerTest.class
7300acb7c7df7aa9a9ee490dc365fe7b0f2062ecb10316ac1d76c585a14a7fe5	instrumentation/spring/spring-webmvc/spring-webmvc-3.1/javaagent/build/classes/java/test/io/opentelemetry/javaagent/instrumentation/spring/webmvc/v3_1/filter/ServletFilterConfig.class
732f092a0391f779719f4e1e1203ab8ecc61f370fe52ed7d66cca129b938816f	instrumentation/spring/spring-batch-3.0/javaagent/build/classes/java/test/io/opentelemetry/javaagent/instrumentation/spring/batch/v3_0/jsr/TestBatchlet.class
73ccd0de0c837d53b7f1fa6090040d80175efb858acafb88bf0dea2225a1ccd1	instrumentation/spring/spring-webflux/spring-webflux-5.0/testing-webflux7/build/classes/java/test/io/opentelemetry/javaagent/instrumentation/spring/webflux/v7_0/server/base/DelayedControllerSpringWebFluxServerTest$Controller.class
73f4446b1c774c1a25e4aaf90d63580efe4c7dde5b1d9d351cf619bb6633304f	instrumentation/spring/spring-webmvc/spring-webmvc-3.1/javaagent/build/classes/java/test/io/opentelemetry/javaagent/instrumentation/spring/webmvc/v3_1/boot/SecurityConfig$FormLoginWebSecurityConfigurerAdapter.class
74afa206a0cd91e344077b97d45605217c2567695c7b896d17ab0d1638ab6ae1	instrumentation/spring/spring-boot-resources/javaagent-unit-tests/build/classes/java/test/io/opentelemetry/javaagent/instrumentation/spring/boot/resources/TestBootInfClassesResource.class
74cf45a8c71791e97cb3fc33f7ab7b7d9f2ac1c57ef148b92d51f1f3ecdd1b5c	instrumentation/spring/spring-webmvc/spring-webmvc-3.1/wildfly-testing/build/resources/test/dispatcher-servlet.xml
75bb5b2d4a019742c0aa15daa42d4961ace204b57133055915db3b2afb598dd5	instrumentation/spring/spring-batch-3.0/javaagent/build/resources/test/META-INF/batch-jobs/taskletJob.xml
76f6e46b299ec3b91d9c621fe117f7a96c7691f85ceb5db9bd908c389599b35e	instrumentation/spring/spring-batch-3.0/javaagent/build/classes/java/test/io/opentelemetry/javaagent/instrumentation/spring/batch/v3_0/jsr/TestItemWriter.class
77e60d09096b1fada151948a04a39456d13d249f2204aac03bc1d61e0088cf0f	instrumentation/spring/spring-scheduling-3.1/javaagent/build/classes/java/test/io/opentelemetry/javaagent/instrumentation/spring/scheduling/v3_1/spring/config/TaskWithErrorConfig.class
780521d009a2d124c7f88cc5ba0b59191c06c35ef5f017ebd95e480d8801ce01	instrumentation/spring/spring-boot-autoconfigure/build/classes/java/test/io/opentelemetry/instrumentation/spring/autoconfigure/internal/resources/DistroVersionResourceProviderTest.class
789563c7f97c7501b1bded0538ed325a99d3abc51c2222091d0edbc54abc99d9	instrumentation/spring/spring-batch-3.0/javaagent/build/classes/java/test/io/opentelemetry/javaagent/instrumentation/spring/batch/v3_0/springbatch/CustomEventItemReadListener.class
7a17ae521848f81eccd1d393eb3edec7f5b0353fa772b9a41d4401857a4fabb6	instrumentation/spring/spring-scheduling-3.1/javaagent/build/classes/java/test/io/opentelemetry/javaagent/instrumentation/spring/scheduling/v3_1/spring/config/EnhancedClassTaskConfig.class
7b1b3907582755ae14d97ebfd8ff69e33f8b008d089a4b87862f896aca077dbe	instrumentation/spring/spring-rmi-4.0/javaagent/build/classes/java/test/io/opentelemetry/javaagent/instrumentation/spring/rmi/v4_0/SpringRmiTest$TestSource.class
7c89e9b35b1e2c3c78d0847930905232cb6d08484fcac03d18cda5263267737d	instrumentation/spring/spring-jms/spring-jms-6.0/javaagent/build/classes/java/test/io/opentelemetry/javaagent/instrumentation/spring/jms/v6_0/AbstractSpringJmsListenerTest.class
7e083add58f687adb287e40b82a0f5d58cd89f04f753c45b0a7ab709607ecdae	instrumentation/spring/spring-cloud-gateway/spring-cloud-gateway-webflux-4.3/testing/build/classes/java/test/io/opentelemetry/instrumentation/spring/gateway/v4_3/Gateway43TestApplication.class
7e2767fba9c3b5c5934daa354f92dea50547942cd5852bab04071e2dd350c894	instrumentation/spring/spring-security-config-6.0/library/build/classes/java/test/io/opentelemetry/instrumentation/spring/security/config/v6_0/webflux/EnduserAttributesServerHttpSecurityCustomizerTest.class
7f70db3ca0c8038732cad1124038dbd65176132cea47170c2f5c3ff7054fde44	instrumentation/spring/spring-data/spring-data-3.0/kotlin-testing/build/classes/kotlin/test/io/opentelemetry/javaagent/instrumentation/spring/data/v3_0/KotlinSpringDataTest$trace findById$1.class
7f7ab0c239e5d64cb19d0fc3cfad74ecd564ee1c5f9cd4c3fdfee2ecac066ca2	instrumentation/spring/spring-webflux/spring-webflux-5.0/testing-webflux7/build/classes/java/test/io/opentelemetry/javaagent/instrumentation/spring/webflux/v7_0/server/base/ImmediateHandlerSpringWebFluxServerTest$RouteFactory.class
8083fdcfd6f44d31173beac9ab9a76db638d13e5fef50f884b2bc2763412d981	instrumentation/spring/spring-security-config-6.0/javaagent/build/classes/java/test/io/opentelemetry/javaagent/instrumentation/spring/security/config/v6_0/servlet/HttpSecurityInstrumentationTest.class
81e45f682524d83b8651e6fb63d4507961747b86daa5241e6a7a291d4793456e	instrumentation/spring/spring-jms/spring-jms-2.0/javaagent/build/classes/java/test/io/opentelemetry/javaagent/instrumentation/spring/jms/v2_0/TestListener.class
841edb344286acca48f12c989fcc71ba8bfa5bc9074d391f8411997bdb33cf97	instrumentation/spring/spring-webmvc/spring-webmvc-6.0/javaagent/build/classes/java/test/io/opentelemetry/javaagent/instrumentation/spring/webmvc/v6_0/filter/ServletFilterConfig.class
846f51b2664755c668fa137154d126b437e6e78b44c133d1df005d9d73729d15	instrumentation/spring/spring-webflux/spring-webflux-5.0/testing-webflux7/build/classes/java/test/io/opentelemetry/javaagent/instrumentation/spring/webflux/v7_0/server/base/ImmediateControllerSpringWebFluxServerTest$Controller.class
8492dcd4444917652abcf6ccdf238fe9a2c5cf49ea0565d4fd991e00eacab385	instrumentation/spring/spring-rmi-4.0/javaagent/build/classes/java/test/springrmi/app/ejb/SpringRmiGreeterEjb.class
84a6558d97f363fe8ed007e4be65bf4579b18be4bd8b50fc4ff6fa3e6a7ed6b8	instrumentation/spring/spring-security-config-6.0/library/build/classes/java/test/io/opentelemetry/instrumentation/spring/security/config/v6_0/servlet/EnduserAttributesHttpSecurityCustomizerTest$TestConfiguration.class
86cffc8f1e94f2d76510e75910083c7cfe58a3d7e0c0fb0c9528fd4e98daf48d	instrumentation/spring/spring-webflux/spring-webflux-5.0/javaagent/build/classes/java/test/io/opentelemetry/javaagent/instrumentation/spring/webflux/v5_0/server/base/DelayedControllerSpringWebFluxServerTest.class
86e999e9ac03baad5fcd8fcfc959e9da2ab2c0346ee6d4dce730339203fe943e	instrumentation/spring/spring-webmvc/spring-webmvc-6.0/library/build/classes/java/test/io/opentelemetry/instrumentation/spring/webmvc/v6_0/TestWebSpringBootApp$TestController.class
8832cd67492134d32c15298cf45770226014a5a3b103d1748e8042818392ca43	instrumentation/spring/spring-boot-autoconfigure/build/classes/java/test/io/opentelemetry/instrumentation/spring/autoconfigure/internal/resources/SpringResourceProviderTest.class
88d0eaa6f06814f50993b5745304b83aad52e7ae6ae180a61a21c38fda759ccc	instrumentation/spring/spring-webmvc/spring-webmvc-3.1/wildfly-testing/build/classes/java/test/com/example/hello/HelloController.class
88dbb7331b5899978f5f387bc9f28d3c2c6b1821f51331e3a83668a118c22a69	instrumentation/spring/spring-jms/spring-jms-2.0/javaagent/build/classes/java/test/io/opentelemetry/javaagent/instrumentation/spring/jms/v2_0/AnnotatedListenerConfig.class
89e691197177ca94973c7a1b75b2c0dda9046ddd56c26433f27008db4e3ad5fb	instrumentation/spring/spring-webmvc/spring-webmvc-6.0/javaagent/build/classes/java/test/io/opentelemetry/javaagent/instrumentation/spring/webmvc/v6_0/filter/ServletFilterTest.class
8a9a58aa2105b8a07ae4bd7e7e7c3922c34d60ce6681b043cd62f504418a63f4	instrumentation/spring/spring-batch-3.0/javaagent/build/classes/java/test/io/opentelemetry/javaagent/instrumentation/spring/batch/v3_0/runner/ApplicationConfigRunner.class
8af43bb65a0448d589f353bf393675e5aa0e9dc01a6337d240b04024bdc69a3b	instrumentation/spring/spring-batch-3.0/javaagent/build/classes/java/test/io/opentelemetry/javaagent/instrumentation/spring/batch/v3_0/jsr/CustomEventChunkListener.class
8c459cb35ac8d89ecf35af78ef778c0c806df50e26f6f1c5e9d1b4e2d6624ebf	instrumentation/spring/spring-web/spring-web-3.1/library/build/classes/java/test/io/opentelemetry/instrumentation/spring/web/v3_1/SpringWebInstrumentationTest.class
8f4681d10c8823615d1769bcbbd2db2e7517c0ea31b2bb5b9e2261a7a6ff8db4	instrumentation/spring/spring-webflux/spring-webflux-5.0/testing-webflux7/build/classes/java/test/io/opentelemetry/javaagent/instrumentation/spring/webflux/v7_0/server/base/ImmediateControllerSpringWebFluxServerTest.class
904ccd108acf9c747625530a31edd8d5a894a272757c3647c5e4716b8c346bb6	instrumentation/spring/spring-webflux/spring-webflux-5.0/javaagent/build/classes/java/test/io/opentelemetry/javaagent/instrumentation/spring/webflux/v5_0/server/base/DelayedHandlerSpringWebFluxServerTest$Application.class
90f240ae2eb061d9117aa243991c56086c25dc6c2dfa6380756d7c83b7d1558a	instrumentation/spring/spring-boot-autoconfigure/build/classes/java/test/io/opentelemetry/instrumentation/spring/autoconfigure/internal/instrumentation/annotations/InstrumentationWithSpanAspectTest$InstrumentationWithSpanTester.class
921ccd89c2136999f797b34b56fdad23f9413732e33003d0eceb46e7d10fead0	instrumentation/spring/spring-batch-3.0/javaagent/build/classes/java/test/io/opentelemetry/javaagent/instrumentation/spring/batch/v3_0/springbatch/CustomEventItemWriteListener.class
92561042e7b88a4d84bc89a2a4939dd8d80866df692ee54c817979ae0971240f	instrumentation/spring/spring-scheduling-3.1/javaagent/build/classes/java/test/io/opentelemetry/javaagent/instrumentation/spring/scheduling/v3_1/spring/config/OneTimeTaskConfig.class
9298e14134075fcc15cd5325cc6b17fad4cda1120d4224516d982a606d41dcfe	instrumentation/spring/spring-jms/spring-jms-6.0/javaagent/build/classes/java/test/io/opentelemetry/javaagent/instrumentation/spring/jms/v6_0/AbstractConfig.class
92eef653f8ad30e79e48312757c0c086ed4a5f0d8e5802cc59ed135810286a02	instrumentation/spring/spring-webmvc/spring-webmvc-3.1/javaagent/build/classes/java/test/io/opentelemetry/javaagent/instrumentation/spring/webmvc/v3_1/filter/ServletFilterTest.class
93f9928d46c0bfe95c6f90e8255f5dc3001b1c353dcad0d11aada21304348f57	instrumentation/spring/spring-batch-3.0/javaagent/build/resources/test/META-INF/batch-jobs/partitionedJob.xml
953896ed3a5d54a34f09095f66c526cd3519fd04b690a6e0fd33695c64a5015d	instrumentation/spring/spring-data/spring-data-3.0/testing/build/classes/java/test/spring/jpa/JpaPersistenceConfig.class
95aa03ebf6a2919cdc314f1a485a6175aaae871051d3e00009b76942e83ffade	instrumentation/spring/spring-rmi-4.0/javaagent/build/classes/java/test/io/opentelemetry/javaagent/instrumentation/spring/rmi/v4_0/SpringRmiTest$ClientConfig.class
973a3fca5e13ee30531b8748c1f6eea5a41817962287dbbd754e480fb4e42de1	instrumentation/spring/spring-rabbit-1.0/javaagent/build/classes/java/test/io/opentelemetry/javaagent/instrumentation/spring/rabbit/v1_0/SpringRabbitMqTest$ConsumerConfig.class
9991a4c054c440e7279b4d4eea1319b2eb957bd9e7017095d7eb570f4a60c369	instrumentation/spring/spring-webmvc/spring-webmvc-3.1/javaagent/build/classes/java/test/io/opentelemetry/javaagent/instrumentation/spring/webmvc/v3_1/boot/SecurityConfig.class
99d030bde40294d98a4999e1c4779aba9f98eb116dbe37a5b451760866f6d719	instrumentation/spring/spring-webflux/spring-webflux-5.0/testing-webflux7/build/classes/java/test/io/opentelemetry/javaagent/instrumentation/spring/webflux/v7_0/server/base/ImmediateHandlerSpringWebFluxServerTest.class
9b3fca130761eadfbd978507175984a2ae526301c99032b24fe87d59d9f281ae	instrumentation/spring/spring-webflux/spring-webflux-5.0/javaagent/build/classes/java/test/io/opentelemetry/javaagent/instrumentation/spring/webflux/v5_0/server/SpringWebfluxTest.class
9cb45874cd60d7c321b7ec66645378381010e119ce8d482d6e675dec5ed3b170	instrumentation/spring/spring-core-2.0/javaagent/build/classes/java/test/io/opentelemetry/javaagent/instrumentation/spring/core/v2_0/SimpleAsyncTaskExecutorInstrumentationTest$AsyncTask.class
9f49358bf88280f9cf8e2908e655588b2bffecf78d95c70dc5b21895b0770dff	instrumentation/spring/spring-webmvc/spring-webmvc-5.3/library/build/classes/java/test/io/opentelemetry/instrumentation/spring/webmvc/v5_3/WebMvcHttpServerTest.class
a03448a27421fefbcd9d32f99ac7926e9e7c67bb329db3ba7aa873949e9b732e	instrumentation/spring/spring-webflux/spring-webflux-5.0/testing-webflux7/build/classes/java/test/io/opentelemetry/javaagent/instrumentation/spring/webflux/v7_0/server/base/DelayedHandlerSpringWebFluxServerTest.class
a07f3ddcec54ba03819852a567ffa7645286e2b00672f2778ba853768d4d361a	instrumentation/spring/spring-batch-3.0/javaagent/build/classes/java/test/io/opentelemetry/javaagent/instrumentation/spring/batch/v3_0/springbatch/SingleItemReader.class
a0811ed6b0c6d22038b5db500eca67a86e2afbe058f7bd099d429c8afd9ef8d8	instrumentation/spring/spring-integration-4.1/library/build/classes/java/test/io/opentelemetry/javaagent/instrumentation/spring/integration/v4_1/SpringCloudStreamRabbitTest.class
a17b189879e69e9da5b80c9945158fd3b072eb184900d5c59af188092fb579ba	instrumentation/spring/spring-batch-3.0/javaagent/build/classes/java/test/io/opentelemetry/javaagent/instrumentation/spring/batch/v3_0/runner/JobRunner.class
a2b0a239b783065399423c57e60e64781add66406f75b7efc04f053b73a2ab97	instrumentation/spring/spring-cloud-gateway/spring-cloud-gateway-2.0/javaagent/build/resources/test/logback.xml
a2b0a239b783065399423c57e60e64781add66406f75b7efc04f053b73a2ab97	instrumentation/spring/spring-webflux/spring-webflux-5.0/javaagent/build/resources/test/logback.xml
a2b0a239b783065399423c57e60e64781add66406f75b7efc04f053b73a2ab97	instrumentation/spring/spring-webmvc/spring-webmvc-3.1/javaagent/build/resources/test/logback.xml
a5a53e7278f525eb1b1698eb1ad6fae62d8b3a64baade7372278e4f6fd19af33	instrumentation/spring/spring-web/spring-web-3.1/testing/build/classes/java/test/io/opentelemetry/javaagent/instrumentation/springweb/v3_1/SpringRestTemplateTest.class
a60e23c8a3667e4e746e1d4e8d27f9a6df27b1c5a65c6487af9e759e78f731d0	instrumentation/spring/spring-webflux/spring-webflux-5.0/javaagent/build/classes/java/test/io/opentelemetry/javaagent/instrumentation/spring/webflux/v5_0/server/base/ImmediateControllerSpringWebFluxServerTest$Controller.class
a6c902c26e4fd0a85d4cae10fe02ee910e6281c850763d58fc59e5d61d08c9e1	instrumentation/spring/spring-batch-3.0/javaagent/build/classes/java/test/io/opentelemetry/javaagent/instrumentation/spring/batch/v3_0/springbatch/CustomEventJobListener.class
a6e90e6c27725cc00678c16bbb8042dd96946f3497dd5cb63f1653700ca6666b	instrumentation/spring/spring-data/spring-data-3.0/kotlin-testing/build/classes/kotlin/test/io/opentelemetry/javaagent/instrumentation/spring/data/v3_0/KotlinSpringDataTest$Companion.class
a79b7afac04b22dd1f8a7d0cbc649b9430fdb16f85f71026c27870617044ebc2	instrumentation/spring/spring-ws-2.0/javaagent/build/classes/java/test/io/opentelemetry/javaagent/instrumentation/spring/ws/v2_0/HelloEndpoint.class
a882b634062adf7ba0cf39e1bd3dcb1b979401f48918d12a1200792f847761e9	instrumentation/spring/spring-jms/spring-jms-6.0/javaagent/build/classes/java/test/io/opentelemetry/javaagent/instrumentation/spring/jms/v6_0/SpringJmsListenerTest.class
a98e08420125dad19a11c345f275386503f0e1a2127c7433e6686636fe6318de	instrumentation/spring/spring-webflux/spring-webflux-5.3/library/build/classes/java/test/io/opentelemetry/instrumentation/spring/webflux/v5_3/TestWebfluxSpringBootApp$TestController.class
a9b9394c669910b71e294dcdc5eaf9daa762d6d3da0d193680de648dff7f1ba4	instrumentation/spring/spring-data/spring-data-3.0/testing/build/classes/java/test/io/opentelemetry/javaagent/instrumentation/spring/data/v3_0/SpringJpaTest.class
a9badb9c4f93c56a437af6a1e04b090fe52de92e66a11df4022da996daaffa17	instrumentation/spring/spring-batch-3.0/javaagent/build/classes/java/test/io/opentelemetry/javaagent/instrumentation/spring/batch/v3_0/event/JsrConfigCustomSpanEventTest.class
ac1355ba3f120406e17bc65da5b5e26ad80f27e567c8a78596efbc603e952155	instrumentation/spring/spring-ws-2.0/javaagent/build/classes/java/test/io/opentelemetry/javaagent/instrumentation/spring/ws/v2_0/SpringWsTest.class
ac5f2a26ccdbae1f133f6c3d69075353e0bf7c695677b517c9db6efe6e0156ef	instrumentation/spring/spring-batch-3.0/javaagent/build/resources/test/META-INF/batch-jobs/decisionJob.xml
ad8370b09f14973a228b97819b9c2f364f7cb115752b0a7c0d34817bf35516c1	instrumentation/spring/spring-ws-2.0/javaagent/build/classes/java/test/io/opentelemetry/javaagent/instrumentation/spring/ws/v2_0/WebServiceConfig.class
ae27070d2498933c7f727c75212782642357fb8149106b5258ca24b722b90bce	instrumentation/spring/spring-webmvc/spring-webmvc-5.3/library/build/classes/java/test/io/opentelemetry/instrumentation/spring/webmvc/v5_3/TestWebSpringBootApp.class
b04818567556a644c8489253b85ad2603233f851476fc4ae8553e4aa830334b8	instrumentation/spring/spring-cloud-gateway/spring-cloud-gateway-2.2/testing/build/resources/test/application.yml
b09a10510d88c064d7dace3fab1d1e6c37f635458787aca88b96f82f65cc1e53	instrumentation/spring/spring-data/spring-data-1.8/javaagent/build/classes/java/test/io/opentelemetry/javaagent/instrumentation/spring/data/v1_8/SpringJpaTest.class
b3b69c7585f8430a9c673c0216b6e2280526e6908b65c911ccec36055d56a52f	instrumentation/spring/spring-security-config-6.0/javaagent/build/classes/java/test/io/opentelemetry/javaagent/instrumentation/spring/security/config/v6_0/servlet/HttpSecurityInstrumentationTest$TestConfiguration.class
b3cc1bdf04d1592ab784118c7bb3dd91a2658a4ccd72ab48bd1f8d470699d9c9	instrumentation/spring/spring-integration-4.1/javaagent/build/classes/java/test/io/opentelemetry/javaagent/instrumentation/spring/integration/v4_1/SpringCloudStreamProducerTest.class
b515ebc7994091ead8569dc8a1f3ab308c1f86da89bdeb12185700ca91a3433c	instrumentation/spring/spring-integration-4.1/javaagent/build/classes/java/test/io/opentelemetry/javaagent/instrumentation/spring/integration/v4_1/SpringIntegrationTelemetryTest.class
b534e216d0861266701d789a307d4f7fead4494d306fd1e8ead158aca93bbd42	instrumentation/spring/spring-webflux/spring-webflux-5.0/javaagent/build/classes/java/test/io/opentelemetry/javaagent/instrumentation/spring/webflux/v5_0/server/base/DelayedHandlerSpringWebFluxServerTest$RouteFactory.class
b56f031ddea40c51c07355c723ff972cd4cd48d5ad894a1c21e07b689519f1b3	instrumentation/spring/spring-boot-autoconfigure/build/resources/test/application.yaml
b609da2ff556970205842f1e90ac4e586534445f6b913fa49de528829cdfbf8a	instrumentation/spring/spring-boot-autoconfigure/build/classes/java/test/io/opentelemetry/instrumentation/spring/autoconfigure/internal/instrumentation/scheduling/SchedulingInstrumentationAspectTest.class
b708131eb78c1b120ea3092684d5d347ea228764a1d810739d8456af9d61df59	instrumentation/spring/spring-webflux/spring-webflux-5.0/testing-webflux7/build/classes/java/test/io/opentelemetry/javaagent/instrumentation/spring/webflux/v7_0/server/SpringThreadedSpringWebfluxTest.class
b7dccb5b4bc06777ba195d2028c9a5de522d0b355466e267314a94bd78599711	instrumentation/spring/spring-boot-autoconfigure/build/classes/java/test/io/opentelemetry/instrumentation/spring/autoconfigure/internal/instrumentation/webflux/WebClientBeanPostProcessorTest.class
b8439aeae83448798782b8550b9de3bfc3f9b254591e0b3462991234e50eee5c	instrumentation/spring/spring-webmvc/spring-webmvc-3.1/javaagent/build/classes/java/test/io/opentelemetry/javaagent/instrumentation/spring/webmvc/v3_1/boot/SecurityConfig$ApiWebSecurityConfigurationAdapter.class
bb796855189935b6b3577ec63f60ac9b0ab646f97e09d86dd6db587f2f3402a7	instrumentation/spring/spring-batch-3.0/javaagent/build/classes/java/test/io/opentelemetry/javaagent/instrumentation/spring/batch/v3_0/springbatch/TestDecider.class
bcc279ecc1cddb2e6ec56b311a7fd1e83eab8e01406189a57074700d84ac2c87	instrumentation/spring/spring-data/spring-data-1.8/javaagent/build/classes/java/test/spring/jpa/JpaCustomerRepositoryImpl.class
bcf0e0e5615c61d11a3078e2cda1511e87e28687ba9aa64fade8d1cbb0cad1f2	instrumentation/spring/spring-boot-resources/javaagent/build/resources/test/META-INF/build-info.properties
be22a9d2850da84268249ad181f733a2886fefc21185173a3dc190d3f48f7bf9	instrumentation/spring/spring-rmi-4.0/javaagent/build/classes/java/test/springrmi/app/SpringRmiGreeter.class
bf07677f3803b4552434214702e7f9f89f0c42b7f7806f7446dc0de7efc25b10	instrumentation/spring/spring-webflux/spring-webflux-5.0/javaagent/build/classes/java/test/io/opentelemetry/javaagent/instrumentation/spring/webflux/v5_0/server/base/ImmediateHandlerSpringWebFluxServerTest$Application.class
bf0b056f2e2bb8fc12895c1df9b03a65a78c3516ee71a84c31bf2d88b5ba3c43	instrumentation/spring/spring-data/spring-data-3.0/testing/build/classes/java/test/spring/jpa/JpaCustomerRepositoryCustom.class
c0637bc7ad28c253d8357e9bab555be73ae39bd150f55225614d047cab0ffe57	instrumentation/spring/spring-boot-autoconfigure/build/classes/java/test/io/opentelemetry/instrumentation/spring/autoconfigure/internal/instrumentation/scheduling/SchedulingInstrumentationAspectTest$InstrumentationSchedulingTester.class
c14e3cf84cda49845de8bb778c69e0abb7c8822d54b5687e507c96e67061ba8d	instrumentation/spring/spring-boot-resources/javaagent/build/resources/test/bootstrap.properties
c37e6295b1bbb472f1ac0be40fdf4302fd2b5625a7b080c06b4f47f86555842e	instrumentation/spring/spring-webflux/spring-webflux-5.0/testing-webflux7/build/classes/java/test/io/opentelemetry/javaagent/instrumentation/spring/webflux/v7_0/server/base/ImmediateHandlerSpringWebFluxServerTest$Application.class
c3b96cb891ff59980186ceb769f72e67e0312aa36b50fd5d1c580c6202ccbeda	instrumentation/spring/spring-webflux/spring-webflux-5.0/testing-webflux7/build/classes/java/test/io/opentelemetry/javaagent/instrumentation/spring/webflux/v7_0/server/base/ImmediateControllerSpringWebFluxServerTest$Application.class
c3c9e6d10b455e006a969b6fca2352df5aacfa789de6f383671ffe393349f2f6	instrumentation/spring/spring-jms/spring-jms-2.0/javaagent/build/classes/java/test/io/opentelemetry/javaagent/instrumentation/spring/jms/v2_0/ManualListenerConfig.class
c4b382dbbc8cdff4c30646582b753a221c35ef635a67054004cddeacdb58377f	instrumentation/spring/spring-boot-autoconfigure/build/classes/java/test/io/opentelemetry/instrumentation/spring/autoconfigure/internal/instrumentation/webmvc/SpringWebMvcInstrumentation5AutoConfigurationTest.class
c52f386cd6a45e68f3f3d71e18650008c4e45baa8a4c0f027853b82908e26d0e	instrumentation/spring/spring-webmvc/spring-webmvc-3.1/wildfly-testing/build/classes/java/test/io/opentelemetry/javaagent/instrumentation/spring/webmvc/v3_1/MixedLibsOpenTelemetryHandlerMappingFilterTest.class
c5bbf47895d48d4874e652b139ee4660b5886861a038c1255a1e8faed39e107e	instrumentation/spring/spring-batch-3.0/javaagent/build/classes/java/test/io/opentelemetry/javaagent/instrumentation/spring/batch/v3_0/springbatch/TestPartitionedItemReader.class
c609ccbf9f9ac841ed45acc04867b93339094bc084f47334314099decde1ce49	instrumentation/spring/spring-data/spring-data-3.0/kotlin-testing/build/classes/kotlin/test/io/opentelemetry/javaagent/instrumentation/spring/data/v3_0/repository/PersistenceConfig.class
c9308de2113fad7fe1636e663c17af53432bf2cb6fcda920716b067606c1ba30	instrumentation/spring/spring-batch-3.0/javaagent/build/classes/java/test/io/opentelemetry/javaagent/instrumentation/spring/batch/v3_0/event/JavaConfigCustomSpanEventTest.class
cb121cc117e75b5380de2da181bc6865d3a70ceb732e6fc578215902a7b45ed8	instrumentation/spring/spring-jms/spring-jms-2.0/javaagent/build/classes/java/test/io/opentelemetry/javaagent/instrumentation/spring/jms/v2_0/AbstractConfig.class
cbb5b907494cab4401aa5ae29ebb1c204f9e5114d23d43859dd1355a6366b7cd	instrumentation/spring/spring-jms/spring-jms-2.0/javaagent/build/classes/java/test/io/opentelemetry/javaagent/instrumentation/spring/jms/v2_0/SpringListenerTest.class
cc6c8636ff6898cb916ac5729e1e045d944661a69af85afc1971b62c2fb42b2e	instrumentation/spring/spring-webflux/spring-webflux-5.0/javaagent/build/classes/java/test/io/opentelemetry/javaagent/instrumentation/spring/webflux/v5_0/server/base/ImmediateHandlerSpringWebFluxServerTest$RouteFactory.class
cc7f9d0a922b358630812abe4c476c834adaaa9c6ec644d60fe7cd2600b84659	instrumentation/spring/spring-cloud-gateway/spring-cloud-gateway-2.2/testing/build/classes/java/test/io/opentelemetry/instrumentation/spring/gateway/v2_2/Gateway22TestApplication.class
cd0c9aea7b36f1d64a136b804666d893b87bdf0ea841743a15d15d705a4d8314	instrumentation/spring/spring-core-2.0/javaagent/build/classes/java/test/io/opentelemetry/javaagent/instrumentation/spring/core/v2_0/SimpleAsyncTaskExecutorInstrumentationTest.class
cda56981d0127c66e82d12972a7da20d3c127efab76d9b0409b241b2276be7b3	instrumentation/spring/spring-data/spring-data-1.8/javaagent/build/classes/java/test/spring/jpa/JpaCustomerRepository.class
cda954356c9f8b0dda8846138ff982116f2479f4bbd54ad20393bcf4ea511930	instrumentation/spring/spring-webflux/spring-webflux-5.0/testing-webflux7/build/classes/java/test/io/opentelemetry/javaagent/instrumentation/spring/webflux/v7_0/client/SpringWebfluxClientInstrumentationTest.class
ce3b08fdbbc112567eadb53a1a7359e4f30958b02e8eb7d5e8629028cbd81037	instrumentation/spring/spring-batch-3.0/javaagent/build/resources/test/META-INF/batch-jobs/flowJob.xml
ce8504cba4d4e4577e5ad57d462749daf7de2883bc024d62371dd78e2f336d29	instrumentation/spring/spring-batch-3.0/javaagent/build/classes/java/test/io/opentelemetry/javaagent/instrumentation/spring/batch/v3_0/event/CustomSpanEventTest.class
cfe47a0543ed5c91a51e1318a55c7a11b871e133d3b6f65d5b7a4703bceb0acf	instrumentation/spring/spring-webflux/spring-webflux-5.3/library/build/classes/java/test/io/opentelemetry/instrumentation/spring/webflux/v5_3/SpringWebfluxClientInstrumentationTest.class
d27b3342c91455ba30ea6102035873ec6ac1d4d7a9df571057ffd2c4b26dffd7	instrumentation/spring/spring-rmi-4.0/javaagent/build/classes/java/test/io/opentelemetry/javaagent/instrumentation/spring/rmi/v4_0/SpringRmiTest.class
d3a11863fed39c0ff3e0d6c6d3947575f2f95302af5b4f80b0aa676eac517d62	instrumentation/spring/spring-boot-actuator-autoconfigure-2.0/javaagent/build/classes/java/test/io/opentelemetry/javaagent/instrumentation/spring/boot/actuator/autoconfigure/v2_0/SpringApp$TestBean.class
d424d3d98b715362024ec33b759389b89fb16c5a522b6810b80759eb80a14912	instrumentation/spring/spring-webflux/spring-webflux-5.0/testing-webflux7/build/classes/java/test/io/opentelemetry/javaagent/instrumentation/spring/webflux/v7_0/server/SpringWebfluxTest.class
d45ec96641a2240498eeb9adb85bef14e0f0961c1ff72d400aca8a5d14b52c71	instrumentation/spring/spring-scheduling-3.1/javaagent/build/classes/java/test/io/opentelemetry/javaagent/instrumentation/spring/scheduling/v3_1/spring/config/IntervalTaskConfig.class
d4a62c90c5b1e4c9531cdfc4fced56c7875aace61fedf856c3d803c86c79a6c9	instrumentation/spring/spring-cloud-gateway/spring-cloud-gateway-2.2/testing/build/classes/java/test/io/opentelemetry/instrumentation/spring/gateway/v2_2/Gateway22RouteMappingTest.class
d4ebc548c8f6c9974f7a55ca0cc97902d0db007c954abd0d294134857cb92cb6	instrumentation/spring/spring-rabbit-1.0/javaagent/build/classes/java/test/io/opentelemetry/javaagent/instrumentation/spring/rabbit/v1_0/SpringRabbitMqTest.class
d53471b2473607b3e70568680a96ff4c01e85bf753c162bb88e4c1637abf2344	instrumentation/spring/spring-webflux/spring-webflux-5.0/javaagent/build/classes/java/test/io/opentelemetry/javaagent/instrumentation/spring/webflux/v5_0/server/base/ImmediateControllerSpringWebFluxServerTest.class
d5609380aafe6095e3d100f470055c25cf6cb6f3deef4dcec32f3ded799873a2	instrumentation/spring/spring-batch-3.0/javaagent/build/classes/java/test/io/opentelemetry/javaagent/instrumentation/spring/batch/v3_0/runner/SpringBatchApplication.class
d5aaab81d12028c1e73c45deec59461d1c129cc6b57ed5cf30d25c1edc1cf595	instrumentation/spring/spring-batch-3.0/javaagent/build/classes/java/test/io/opentelemetry/javaagent/instrumentation/spring/batch/v3_0/springbatch/TestTasklet.class
d6bf29e53263c3048d6d2c9b557f69954b9b92176a8bdde5b7ab19b05e15dd64	instrumentation/spring/spring-webflux/spring-webflux-5.0/testing-webflux7/build/classes/java/test/io/opentelemetry/javaagent/instrumentation/spring/webflux/v7_0/server/base/DelayedControllerSpringWebFluxServerTest.class
d7132b5c46ae1ab50ccf790fd10286966cf8f3c25fff31259aa3096621c547e7	instrumentation/spring/spring-scheduling-3.1/javaagent/build/classes/java/test/io/opentelemetry/javaagent/instrumentation/spring/scheduling/v3_1/spring/component/IntervalTask.class
d8b522f19513cab819cc61e5c61aa13822af4d847fea8f9516c41c4a0f53c986	instrumentation/spring/spring-rmi-4.0/javaagent/build/resources/test/spring-rmi.xml
d9adf1e5513d9b4c752630403b5f80fa2604e341c6be4b06df9d5b2181e7e856	instrumentation/spring/spring-webmvc/spring-webmvc-5.3/library/build/classes/java/test/io/opentelemetry/instrumentation/spring/webmvc/v5_3/TestWebSpringBootApp$TestController.class
e06b30fa3b2e832b03553d9fc2388960ec5af6cf0535d36bf20a233fd432b92f	instrumentation/spring/spring-boot-resources/javaagent/build/resources/test/bootstrap.yaml
e06b30fa3b2e832b03553d9fc2388960ec5af6cf0535d36bf20a233fd432b92f	instrumentation/spring/spring-boot-resources/javaagent/build/resources/test/bootstrap.yml
e277a41256bfb363982f1325825a3eee8b837eed97fbeb32f555aff0c05c75f5	instrumentation/spring/spring-scheduling-3.1/javaagent/build/classes/java/test/io/opentelemetry/javaagent/instrumentation/spring/scheduling/v3_1/spring/config/TriggerTaskConfig.class
e2a09b38b16a2cf6cdb8f768f818eda9478f7c0e09c6deb46594023832b3e316	instrumentation/spring/spring-kafka-2.7/library/build/classes/java/test/io/opentelemetry/instrumentation/spring/kafka/v2_7/SpringKafkaNoReceiveTelemetryTest.class
e2c5e25fc307f6485a600b69c7f0f566ab752b5002c5a1c1a996ce12725aea58	instrumentation/spring/spring-batch-3.0/javaagent/build/classes/java/test/io/opentelemetry/javaagent/instrumentation/spring/batch/v3_0/item/XmlConfigItemLevelSpanTest.class
e446a0a7fc38495fc5f7ab2798261e1c9606839335cb636d28cbdf36f255f45c	instrumentation/spring/spring-webmvc/spring-webmvc-3.1/wildfly-testing/build/resources/test/arquillian.xml
e4a42d71a656cc4eb9dbbed3ac700fae32580f469a5f21487faa0f833f8dfad5	instrumentation/spring/spring-batch-3.0/javaagent/build/classes/java/test/io/opentelemetry/javaagent/instrumentation/spring/batch/v3_0/basic/SpringBatchTest.class
e67bd21e51f88688e8b10593aa551d587c11c910a8aaa8b88b1e430a3f16c5ac	instrumentation/spring/spring-boot-autoconfigure/build/classes/java/test/io/opentelemetry/instrumentation/spring/autoconfigure/internal/instrumentation/annotations/InstrumentationWithSpanAspectTest$WithCompletableFuture.class
e871d64c498617a57844801a5921b0eb078931ca7429f57b863de02b58cbb2a0	instrumentation/spring/spring-data/spring-data-3.0/kotlin-testing/build/classes/kotlin/test/META-INF/opentelemetry-kotlin-testing_test.kotlin_module
ea3a5807cca6c3acfa983b7afe80a6da550a5d3990a3392b376fbb7b78ab13cc	instrumentation/spring/spring-batch-3.0/javaagent/build/resources/test/jsrBaseContext.xml
ecca70403367b33648d4557ce747eb5591078624420d251cf0eab3af18fa44c3	instrumentation/spring/spring-boot-resources/javaagent/build/resources/test/bootstrap-multi.yml
edd6f61ef902fb8b13d5c5fc272378a77a32dfaaf9fe0569f5f455659a0d37c7	instrumentation/spring/spring-data/spring-data-3.0/testing/build/classes/java/test/spring/jpa/JpaCustomerRepository.class
efec158eee7f1f4f2dd142e51effc91a2bb8cdbbb5690778c9a347e291b3aecc	instrumentation/spring/spring-data/spring-data-3.0/kotlin-testing/build/classes/kotlin/test/io/opentelemetry/javaagent/instrumentation/spring/data/v3_0/repository/Customer.class
f11fe622562c048977d84a11f35d9c81ae4b3f09c8275b7837c6d8ea8c7751bd	instrumentation/spring/spring-rmi-4.0/javaagent/build/classes/java/test/io/opentelemetry/javaagent/instrumentation/spring/rmi/v4_0/SpringRmiTest$ServerConfig.class
f180a7de342fd70d2d306a654a8eaf95269ac235d8354ea88630a1e5d40ecda9	instrumentation/spring/spring-boot-autoconfigure/build/classes/java/test/io/opentelemetry/instrumentation/spring/autoconfigure/internal/instrumentation/annotations/InstrumentationAnnotationsAutoConfigurationTest.class
f1eaa918803357d9d6cfaf246009469e15c378091ff797d48ea69f4d11012aaf	instrumentation/spring/spring-boot-resources/javaagent/build/resources/test/application.properties
f2bea20a6bff9fff03e69b8fbe11008ae5ff3c8af02e90443202db0a309e7e0f	instrumentation/spring/spring-boot-autoconfigure/build/classes/java/test/io/opentelemetry/instrumentation/spring/autoconfigure/internal/instrumentation/logging/SpanLoggingCustomizerProviderTest.class
f2fb0ead2a262d4af528589d28822c3d57c27f41ce4b0f241a7bac1c0406d1eb	instrumentation/spring/spring-batch-3.0/javaagent/build/classes/java/test/io/opentelemetry/javaagent/instrumentation/spring/batch/v3_0/item/JsrConfigItemLevelSpanTest.class
f32cecb6fe0d6ee8d0508b07931facad8294cb427600905dcfd95535df2b0a01	instrumentation/spring/spring-batch-3.0/javaagent/build/classes/java/test/io/opentelemetry/javaagent/instrumentation/spring/batch/v3_0/event/XmlConfigCustomSpanEventTest.class
f59a1b073f2bde6e9644fa647cbbca47d02718b294a4e5f709fafc36545e710b	instrumentation/spring/spring-batch-3.0/javaagent/build/classes/java/test/io/opentelemetry/javaagent/instrumentation/spring/batch/v3_0/chunk/AbstractChunkRootSpanTest.class
f889950f33c443011936f4d3add7a6df6c2cc876d4f2e73611f0eb342aa328f0	instrumentation/spring/spring-webmvc/spring-webmvc-3.1/wildfly-testing/build/resources/test/application.xml
f89c2366282d6e59a2f497e93539d9ecbb299d9f169536cf4422de43f0ac4b63	instrumentation/spring/spring-webmvc/spring-webmvc-3.1/wildfly-testing/build/classes/java/test/io/opentelemetry/javaagent/instrumentation/spring/webmvc/v3_1/AbstractOpenTelemetryHandlerMappingFilterTest.class
f94c5b21f24ad066d2d4863a69595c124de7c6402e79be1ea098de2796f578b6	instrumentation/spring/spring-scheduling-3.1/javaagent/build/classes/java/test/io/opentelemetry/javaagent/instrumentation/spring/scheduling/v3_1/spring/config/LambdaTaskConfig.class
fa3124412363932c82d9818364e7770c6bae213d5999bcb6085df43595e7875e	instrumentation/spring/spring-webflux/spring-webflux-5.0/javaagent/build/classes/java/test/io/opentelemetry/javaagent/instrumentation/spring/webflux/v5_0/server/base/ImmediateHandlerSpringWebFluxServerTest.class
fadcedd1c52f486e04a64111712a13e12a8b3de9b61d3960be6d4bd019a4b08d	instrumentation/spring/spring-batch-3.0/javaagent/build/resources/test/baseContext.xml
fd1a65c42acbaa6cc79d43add750d6ef37c0770661c814cb33dfe50d93edc4f3	instrumentation/spring/spring-batch-3.0/javaagent/build/resources/test/spring-batch.xml
fe1ae5ab83eb348ca3c8c3ddeb40d5ef1dc622151b04743468e71e3cdad7b305	instrumentation/spring/spring-boot-resources/javaagent/build/resources/test/application.yml
fe37528fd8039830184084011a178d979b36334894ad7dfd0c15e790ee04828a	instrumentation/spring/spring-jms/spring-jms-2.0/javaagent/build/classes/java/test/io/opentelemetry/javaagent/instrumentation/spring/jms/v2_0/SpringTemplateTest$1.class
fe73eac8aeb10dfc06b0ee4487a63a567d788355f976dc3d1dfd47e4049cab57	instrumentation/spring/spring-cloud-aws-3.0/javaagent/build/classes/java/test/io/opentelemetry/javaagent/instrumentation/spring/cloud/aws/v3_0/AwsSqsTestApplication.class
